id,name,artifact_type,category,availability,status,primary_url,description
prompt-management-and-versioning--promptlayer,PromptLayer,tool,Prompt Management and Versioning,commercial,active,https://www.promptlayer.com,"PromptLayer is a prompt-management platform with a visual registry, version history, release labels, request logging, evaluations, and collaboration workflows for deploying prompt changes independently of application code."
prompt-management-and-versioning--braintrust,Braintrust,tool,Prompt Management and Versioning,commercial,active,https://www.braintrust.dev,"Braintrust is an eval-first AI engineering platform that combines prompt authoring and versioning with datasets, experiments, scorers, environments, production traces, and API-based prompt deployment."
prompt-management-and-versioning--langfuse,Langfuse,tool,Prompt Management and Versioning,open-source,active,https://github.com/langfuse/langfuse,"Langfuse is a self-hostable AI engineering platform with prompt versioning and labels, a playground, OpenTelemetry-based tracing, datasets, evaluations, and a managed cloud option."
prompt-management-and-versioning--agenta,Agenta,tool,Prompt Management and Versioning,open-source,active,https://github.com/Agenta-AI/agenta,"Agenta is an open-source LLMOps platform for prompt variants, playground comparisons, version history, environments, human and automatic evaluation, and OpenTelemetry-native observability."
prompt-management-and-versioning--vellum,Vellum,tool,Prompt Management and Versioning,commercial,active,https://docs.vellum.ai/,"Vellum is an AI development platform with visual prompt and workflow sandboxes, version-controlled deployments, isolated environments, release tags, testing, and API or CI/CD promotion workflows."
prompt-management-and-versioning--portkey,Portkey,tool,Prompt Management and Versioning,open-core,active,https://github.com/Portkey-AI/gateway,"Portkey is an open-source AI gateway paired with hosted and enterprise features for prompt templates, collaborative versioning, model routing, caching, guardrails, logging, and tracing."
prompt-management-and-versioning--langsmith,LangSmith,tool,Prompt Management and Versioning,commercial,active,https://docs.langchain.com/langsmith/manage-prompts,"LangSmith is LangChain's framework-agnostic platform for prompt authoring, commits, tags, playground testing, datasets, evaluation, and traces, with SDK access to prompts by name or version."
prompt-management-and-versioning--latitude,Latitude,tool,Prompt Management and Versioning,open-source,active,https://github.com/latitude-dev/latitude-llm,"Latitude is an open-source prompt engineering platform with a prompt language, versions, playgrounds, API deployment, evaluations, datasets, logs, and a managed cloud service."
prompt-management-and-versioning--weights-biases-weave,Weights & Biases Weave,tool,Prompt Management and Versioning,open-core,active,https://github.com/wandb/weave,"W&B Weave is an open-source toolkit and hosted platform for versioning prompts and application objects, tracing calls, evaluating outputs, comparing experiments, and monitoring production behavior."
prompt-management-and-versioning--orq-ai,Orq.ai,tool,Prompt Management and Versioning,commercial,active,https://orq.ai,"Orq.ai is a collaborative generative-AI platform for managing prompts, model configurations, deployments, experiments, evaluations, guardrails, and application observability across development environments."
context-assembly-and-application-frameworks--langchain,LangChain,framework-or-library,Context Assembly and Application Frameworks,open-source,active,https://github.com/langchain-ai/langchain,"LangChain is a framework for composing model calls, messages, retrievers, tools, middleware, and agent components through common Python and JavaScript interfaces."
context-assembly-and-application-frameworks--langgraph,LangGraph,framework-or-library,Context Assembly and Application Frameworks,open-source,active,https://github.com/langchain-ai/langgraph,"LangGraph is a low-level orchestration framework for long-running, stateful agents, with graph control flow, checkpoints, persistence, streaming, interrupts, and human-in-the-loop execution."
context-assembly-and-application-frameworks--llamaindex,LlamaIndex,framework-or-library,Context Assembly and Application Frameworks,open-source,active,https://github.com/run-llama/llama_index,"LlamaIndex is a data framework for agentic applications that assembles context through connectors, indexes, retrievers, query engines, agents, workflows, and structured data integrations."
context-assembly-and-application-frameworks--haystack,Haystack,framework-or-library,Context Assembly and Application Frameworks,open-source,active,https://github.com/deepset-ai/haystack,"Haystack is a component-based orchestration framework with explicit pipelines for retrieval, routing, memory, tools, generation, and evaluation in RAG and agent applications."
context-assembly-and-application-frameworks--dspy,DSPy,framework-or-library,Context Assembly and Application Frameworks,open-source,active,https://github.com/stanfordnlp/dspy,"DSPy is a framework for programming language-model pipelines as typed modules and signatures, then optimizing prompts or weights against examples and a user-defined metric."
context-assembly-and-application-frameworks--pydanticai,PydanticAI,framework-or-library,Context Assembly and Application Frameworks,open-source,active,https://github.com/pydantic/pydantic-ai,"PydanticAI is a Python agent framework built around typed dependencies, model-agnostic providers, tool definitions, structured results, message history, durable execution, tracing, and evaluations."
context-assembly-and-application-frameworks--mastra,Mastra,framework-or-library,Context Assembly and Application Frameworks,open-source,active,https://github.com/mastra-ai/mastra,"Mastra is a TypeScript framework for agents and workflows with model routing, tools, MCP support, RAG, memory, evaluations, observability, and deployment adapters."
context-assembly-and-application-frameworks--semantic-kernel,Semantic Kernel,framework-or-library,Context Assembly and Application Frameworks,open-source,active,https://github.com/microsoft/semantic-kernel,"Semantic Kernel is Microsoft's SDK for combining prompts, native functions, plugins, vector stores, process orchestration, filters, and agents across .NET, Python, and Java."
context-assembly-and-application-frameworks--autogen,AutoGen,framework-or-library,Context Assembly and Application Frameworks,open-source,active,https://github.com/microsoft/autogen,"AutoGen is Microsoft's event-driven framework for building single- and multi-agent applications with messages, tools, model clients, teams, termination rules, and distributed runtimes."
context-assembly-and-application-frameworks--crewai,CrewAI,framework-or-library,Context Assembly and Application Frameworks,open-source,active,https://github.com/crewAIInc/crewAI,"CrewAI is a Python framework for role-based agents and event-driven flows, with tasks, tools, memory, knowledge sources, structured outputs, and human feedback."
context-assembly-and-application-frameworks--openai-agents-sdk,OpenAI Agents SDK,framework-or-library,Context Assembly and Application Frameworks,open-source,active,https://github.com/openai/openai-agents-python,"OpenAI Agents SDK is an open-source framework for agents, tools, handoffs, guardrails, sessions, model context, MCP servers, and built-in tracing across supported model providers."
context-assembly-and-application-frameworks--google-agent-development-kit,Google Agent Development Kit,framework-or-library,Context Assembly and Application Frameworks,open-source,active,https://github.com/google/adk-python,"Google ADK is an open-source framework for composing agents, workflows, tools, sessions, state, memory, callbacks, artifacts, evaluation, and deployment while remaining model- and platform-flexible."
context-assembly-and-application-frameworks--vercel-ai-sdk,Vercel AI SDK,framework-or-library,Context Assembly and Application Frameworks,open-source,active,https://github.com/vercel/ai,"Vercel AI SDK is a TypeScript toolkit for model-provider abstraction, streaming text and objects, tool calling, agent loops, message conversion, middleware, and frontend chat state."
context-assembly-and-application-frameworks--smolagents,smolagents,framework-or-library,Context Assembly and Application Frameworks,open-source,active,https://github.com/huggingface/smolagents,"smolagents is Hugging Face's compact agent library for code or tool-calling agents, supporting local and hosted models, sandboxed execution, managed tools, MCP, and multimodal inputs."
context-compression-and-summarization--llmlingua,LLMLingua,tool,Context Compression and Summarization,open-source,active,https://github.com/microsoft/LLMLingua,"LLMLingua is Microsoft's prompt-compression method and library, using a smaller language model and a budget controller to identify and remove lower-information tokens before inference."
context-compression-and-summarization--longllmlingua,LongLLMLingua,tool,Context Compression and Summarization,open-source,active,https://github.com/microsoft/LLMLingua,"LongLLMLingua is the query-aware long-context method in the LLMLingua library, adding document ranking, variable compression budgets, token pruning, and reordering to preserve question-relevant evidence."
context-compression-and-summarization--selective-context,Selective Context,tool,Context Compression and Summarization,open-source,active,https://github.com/liyucheng09/Selective_Context,Selective Context is a prompt-compression implementation that scores lexical units by self-information and removes less informative content from documents or conversation histories.
context-compression-and-summarization--pctoolkit,PCToolkit,tool,Context Compression and Summarization,open-source,active,https://github.com/3DAgentWorld/Toolkit-for-Prompt-Compression,"PCToolkit is a unified prompt-compression toolkit with common interfaces for Selective Context, LLMLingua-family methods, SCRL, and KiS, plus datasets and evaluation metrics."
context-compression-and-summarization--resum,ReSum,tool,Context Compression and Summarization,open-source,active,https://github.com/Alibaba-NLP/DeepResearch/tree/main/WebAgent/WebResummer,"ReSum is Alibaba's runnable web-agent context-summarization system, periodically replacing growing interaction history with restartable reasoning states and providing the specialized ReSumTool summarizer. Paper"
context-compression-and-summarization--autocompressors,AutoCompressors,tool,Context Compression and Summarization,open-source,active,https://github.com/princeton-nlp/AutoCompressors,AutoCompressors is Princeton's implementation for training language models to compress preceding context into summary vectors that are carried forward as soft prompts.
context-compression-and-summarization--500xcompressor,500xCompressor,tool,Context Compression and Summarization,open-source,active,https://github.com/ZongqianLi/500xCompressor,500xCompressor is a research implementation for encoding long natural-language prompts into compact textual representations and reconstructing task-relevant information with a language model.
context-compression-and-summarization--kvpress,KVPress,tool,Context Compression and Summarization,open-source,active,https://github.com/NVIDIA/kvpress,"KVPress is NVIDIA's library for evaluating and applying KV-cache compression methods to Hugging Face models, including token eviction policies and long-context benchmarks."
context-compression-and-summarization--kvcache-factory,KVCache-Factory,tool,Context Compression and Summarization,open-source,active,https://github.com/Zefan-Cai/KVCache-Factory,KVCache-Factory is a research codebase that collects KV-cache compression methods and evaluation workflows for reducing attention-cache memory during long-context generation.
long-context-routing-and-processing--vllm-semantic-router,vLLM Semantic Router,tool,Long-Context Routing and Processing,open-source,active,https://github.com/vllm-project/semantic-router,"vLLM Semantic Router is an Envoy-based routing control plane that can classify requests by context length, semantics, domain, language, risk, latency, and other signals before selecting a model path."
long-context-routing-and-processing--routellm,RouteLLM,tool,Long-Context Routing and Processing,open-source,active,https://github.com/lm-sys/RouteLLM,"RouteLLM is a framework for training, serving, and evaluating routers that choose between stronger and weaker language models according to a configurable cost-quality threshold."
long-context-routing-and-processing--llmrouter,LLMRouter,tool,Long-Context Routing and Processing,open-source,active,https://github.com/ulab-uiuc/LLMRouter,"LLMRouter is a library and CLI with multiple learned and heuristic routing algorithms for selecting models by query characteristics, expected performance, and cost."
long-context-routing-and-processing--litellm,LiteLLM,tool,Long-Context Routing and Processing,open-core,active,https://github.com/BerriAI/litellm,"LiteLLM is an open-source model gateway and SDK that normalizes provider APIs and supports routing, fallbacks, retries, budgets, context-window fallbacks, caching, and usage tracking."
long-context-routing-and-processing--openrouter,OpenRouter,tool,Long-Context Routing and Processing,commercial,active,https://openrouter.ai/docs,"OpenRouter is a hosted unified API and marketplace for models from multiple providers, exposing model context limits and offering provider routing, fallbacks, and usage accounting."
long-context-routing-and-processing--vllm,vLLM,tool,Long-Context Routing and Processing,open-source,active,https://github.com/vllm-project/vllm,"vLLM is an inference and serving engine that uses PagedAttention, continuous batching, prefix caching, distributed execution, and optimized kernels to process large model contexts efficiently."
long-context-routing-and-processing--sglang,SGLang,tool,Long-Context Routing and Processing,open-source,active,https://github.com/sgl-project/sglang,"SGLang is a serving framework and language-model runtime with RadixAttention prefix reuse, structured generation, parallelism, quantization, and scheduling for long or shared contexts."
long-context-routing-and-processing--tensorrt-llm,TensorRT-LLM,tool,Long-Context Routing and Processing,open-source,active,https://github.com/NVIDIA/TensorRT-LLM,"TensorRT-LLM is NVIDIA's inference library for optimized transformer execution, including paged KV caches, in-flight batching, quantization, parallelism, and long-sequence serving on NVIDIA GPUs."
agent-memory-and-state--mem0,Mem0,tool,Agent Memory and State,open-core,active,https://github.com/mem0ai/mem0,"Mem0 is an open-source memory layer and managed service for extracting, storing, updating, and searching user-, session-, and agent-scoped memories with vector and graph backends."
agent-memory-and-state--letta-formerly-memgpt,Letta (formerly MemGPT),tool,Agent Memory and State,open-core,active,https://github.com/letta-ai/letta-code,"Letta is a stateful-agent platform descended from MemGPT, with editable memory blocks, archival memory, persistent identity, skills, local execution, self-hosting, and a managed agent cloud."
agent-memory-and-state--zep,Zep,tool,Agent Memory and State,commercial,active,https://www.getzep.com,"Zep is a managed context-engineering and agent-memory service that constructs temporal, entity-aware context from conversations and business data using the Graphiti engine."
agent-memory-and-state--langmem,LangMem,tool,Agent Memory and State,open-source,active,https://github.com/langchain-ai/langmem,"LangMem is LangChain's SDK for extracting, consolidating, searching, and updating semantic, episodic, and procedural memories in long-running LangGraph agents."
agent-memory-and-state--memary,Memary,tool,Agent Memory and State,open-source,active,https://github.com/kingjulio8238/Memary,"Memary is an open-source long-term memory layer for autonomous agents, using a memory stream, entity knowledge store, and knowledge graph to retrieve user-relevant information."
agent-memory-and-state--graphiti,Graphiti,tool,Agent Memory and State,open-source,active,https://github.com/getzep/graphiti,"Graphiti is an open-source framework for building temporally aware knowledge graphs from changing data, with entity resolution, provenance, hybrid retrieval, and bi-temporal fact histories."
agent-memory-and-state--hindsight,Hindsight,tool,Agent Memory and State,open-core,active,https://github.com/vectorize-io/hindsight,"Hindsight is an open-source memory system and managed service that stores observations, derives structured memories, and retrieves them through multiple semantic and temporal strategies."
agent-memory-and-state--cognee,Cognee,tool,Agent Memory and State,open-core,active,https://github.com/topoteretes/cognee,"Cognee is an open-source memory and data framework that turns documents and conversations into graph and vector representations for retrieval by agents, with a managed platform available."
agent-memory-and-state--supermemory,Supermemory,tool,Agent Memory and State,open-core,active,https://github.com/supermemoryai/supermemory,"Supermemory is an open-source memory and retrieval service with ingestion, extraction, vector search, user-scoped profiles, SDKs, and a hosted API for AI applications."
agent-memory-and-state--basic-memory,Basic Memory,tool,Agent Memory and State,open-source,active,https://github.com/basicmachines-co/basic-memory,"Basic Memory is a local-first knowledge and memory system that stores Markdown notes, builds semantic links, and exposes project context to MCP-compatible assistants."
agent-memory-and-state--openviking,OpenViking,tool,Agent Memory and State,open-source,active,https://github.com/volcengine/OpenViking,"OpenViking is a context database for agents that organizes memories, resources, and skills in a filesystem-like hierarchy with retrieval and context-delivery interfaces."
agent-memory-and-state--memsearch,MemSearch,tool,Agent Memory and State,open-source,active,https://github.com/zilliztech/memsearch,"MemSearch is a Zilliz project for indexing conversational history and retrieving relevant memories for agents through a configurable extraction, storage, and search pipeline."
rag-and-retrieval-context--qdrant,Qdrant,tool,RAG and Retrieval Context,open-core,active,https://github.com/qdrant/qdrant,"Qdrant is an open-source vector database and managed cloud supporting dense, sparse, and hybrid retrieval, metadata filtering, multivectors, quantization, and payload-aware ranking."
rag-and-retrieval-context--chroma,Chroma,tool,RAG and Retrieval Context,open-core,active,https://github.com/chroma-core/chroma,"Chroma is an open-source retrieval database and hosted service for storing documents, embeddings, and metadata, then querying them for application context."
rag-and-retrieval-context--milvus,Milvus,tool,RAG and Retrieval Context,open-source,active,https://github.com/milvus-io/milvus,"Milvus is a distributed open-source vector database for large-scale similarity search with dense, sparse, hybrid, filtered, and multimodal retrieval."
rag-and-retrieval-context--weaviate,Weaviate,tool,RAG and Retrieval Context,open-core,active,https://github.com/weaviate/weaviate,"Weaviate is an open-source vector database and managed service with hybrid search, filters, reranking, generative integrations, multitenancy, and replication."
rag-and-retrieval-context--pinecone,Pinecone,tool,RAG and Retrieval Context,commercial,active,https://www.pinecone.io,"Pinecone is a managed vector database for dense and sparse retrieval, metadata filtering, namespaces, reranking, and serverless scaling in production RAG systems."
rag-and-retrieval-context--lancedb,LanceDB,tool,RAG and Retrieval Context,open-core,active,https://github.com/lancedb/lancedb,"LanceDB is an open-source embedded retrieval library and cloud service built on the Lance format, supporting vector, full-text, SQL, and multimodal search."
rag-and-retrieval-context--faiss,FAISS,tool,RAG and Retrieval Context,open-source,active,https://github.com/facebookresearch/faiss,"FAISS is Meta's library for efficient clustering and similarity search over dense vectors, with CPU and GPU indexes used as a low-level retrieval component."
rag-and-retrieval-context--vespa,Vespa,tool,RAG and Retrieval Context,open-source,active,https://github.com/vespa-engine/vespa,"Vespa is an open-source serving engine for search, recommendation, and RAG with lexical, vector, hybrid, filtered, and learned ranking over continuously updated data."
rag-and-retrieval-context--txtai,txtai,tool,RAG and Retrieval Context,open-source,active,https://github.com/neuml/txtai,"txtai is an all-in-one embeddings database and workflow framework for semantic search, hybrid search, graph traversal, RAG, reranking, and model pipelines."
rag-and-retrieval-context--ragflow,RAGFlow,tool,RAG and Retrieval Context,open-core,active,https://github.com/infiniflow/ragflow,"RAGFlow is an open-source RAG engine and commercial service combining document understanding, chunking, hybrid retrieval, reranking, grounded generation, citations, and agent workflows."
rag-and-retrieval-context--graphrag,GraphRAG,tool,RAG and Retrieval Context,open-source,active,https://github.com/microsoft/graphrag,"GraphRAG is Microsoft's library for extracting a knowledge graph and community summaries from text, then answering global or local questions with graph-derived context."
rag-and-retrieval-context--lightrag,LightRAG,tool,RAG and Retrieval Context,open-source,active,https://github.com/HKUDS/LightRAG,LightRAG is an open-source RAG implementation that combines graph-based knowledge extraction with vector retrieval and multiple query modes for local and global context.
rag-and-retrieval-context--ragatouille,RAGatouille,tool,RAG and Retrieval Context,open-source,active,https://github.com/AnswerDotAI/RAGatouille,"RAGatouille is a library for training and using ColBERT late-interaction retrievers, providing token-level ranking and integrations for adding retrieved passages to RAG pipelines."
document-parsing-chunking-and-ingestion--unstructured,Unstructured,tool,"Document Parsing, Chunking, and Ingestion",open-core,active,https://github.com/Unstructured-IO/unstructured,"Unstructured is an open-source document processing library and commercial platform for partitioning, cleaning, enriching, chunking, and ingesting PDFs, office files, HTML, images, and other formats."
document-parsing-chunking-and-ingestion--docling,Docling,tool,"Document Parsing, Chunking, and Ingestion",open-source,active,https://github.com/docling-project/docling,"Docling is an open-source document conversion toolkit for PDFs, office files, HTML, images, tables, formulas, reading order, OCR, structured exports, and provenance-aware chunking."
document-parsing-chunking-and-ingestion--llamaparse,LlamaParse,tool,"Document Parsing, Chunking, and Ingestion",commercial,active,https://www.llamaindex.ai/llamaparse,"LlamaParse is LlamaIndex's hosted document parser for OCR, complex layouts, tables, charts, formulas, instructions, and structured output used in retrieval and extraction pipelines."
document-parsing-chunking-and-ingestion--chonkie,Chonkie,tool,"Document Parsing, Chunking, and Ingestion",open-core,active,https://github.com/chonkie-inc/chonkie,"Chonkie is an open-source ingestion and chunking library with token, sentence, recursive, semantic, late, code, neural, table, and high-throughput chunkers plus a cloud service."
document-parsing-chunking-and-ingestion--semantic-text-splitter,semantic-text-splitter,tool,"Document Parsing, Chunking, and Ingestion",open-source,active,https://github.com/benbrandt/text-splitter,"semantic-text-splitter is a Rust, Python, and JavaScript library that splits text, Markdown, code, and other structured content into capacity-bounded chunks at semantically sensible boundaries."
document-parsing-chunking-and-ingestion--marker,Marker,tool,"Document Parsing, Chunking, and Ingestion",open-core,active,https://github.com/datalab-to/marker,"Marker is an open-source document converter and hosted API for turning PDFs, images, presentations, and office documents into Markdown, JSON, HTML, chunks, and structured schemas."
document-parsing-chunking-and-ingestion--mineru,MinerU,tool,"Document Parsing, Chunking, and Ingestion",open-source,active,https://github.com/opendatalab/MinerU,"MinerU is an open-source document extraction toolkit that converts complex PDFs into Markdown or JSON while preserving reading order, tables, formulas, images, and layout."
document-parsing-chunking-and-ingestion--megaparse,MegaParse,tool,"Document Parsing, Chunking, and Ingestion",open-source,active,https://github.com/QuivrHQ/MegaParse,"MegaParse is an open-source parser for converting PDFs, Word documents, and presentations into structured text using selectable OCR, vision-model, and traditional parsing strategies."
document-parsing-chunking-and-ingestion--firecrawl,Firecrawl,tool,"Document Parsing, Chunking, and Ingestion",open-core,active,https://github.com/mendableai/firecrawl,"Firecrawl is an open-source web-data API and hosted service for crawling, scraping, searching, and converting websites into clean Markdown or structured data for model context."
document-parsing-chunking-and-ingestion--apache-tika,Apache Tika,tool,"Document Parsing, Chunking, and Ingestion",open-source,active,https://github.com/apache/tika,"Apache Tika is a content detection and extraction toolkit supporting more than a thousand file types, metadata extraction, language detection, and server or library deployment."
document-parsing-chunking-and-ingestion--pymupdf4llm,PyMuPDF4LLM,tool,"Document Parsing, Chunking, and Ingestion",open-core,active,https://pymupdf.readthedocs.io/en/latest/pymupdf4llm/,"PyMuPDF4LLM is a document-extraction helper built on PyMuPDF for producing Markdown, text, JSON, page chunks, images, and layout-aware output for LLM and RAG workflows."
tool-context-and-model-context-protocol--model-context-protocol-specification,Model Context Protocol specification,model,Tool Context and Model Context Protocol,open-source,active,https://github.com/modelcontextprotocol/modelcontextprotocol,"Model Context Protocol is an open protocol defining how AI applications discover and invoke tools, read resources, use prompt templates, negotiate capabilities, authenticate, and exchange messages with servers."
tool-context-and-model-context-protocol--official-mcp-registry,Official MCP Registry,model,Tool Context and Model Context Protocol,open-source,active,https://github.com/modelcontextprotocol/registry,"Official MCP Registry is the community-driven registry service and API for publishing and discovering MCP servers, with namespace authentication and package metadata."
tool-context-and-model-context-protocol--mcp-reference-servers,MCP Reference Servers,model,Tool Context and Model Context Protocol,open-source,active,https://github.com/modelcontextprotocol/servers,MCP Reference Servers is the steering group's repository of small reference implementations that demonstrate protocol features and official SDK usage; broader discovery now lives in the registry.
tool-context-and-model-context-protocol--mcp-typescript-sdk,MCP TypeScript SDK,model,Tool Context and Model Context Protocol,open-source,active,https://github.com/modelcontextprotocol/typescript-sdk,"MCP TypeScript SDK is the official TypeScript implementation for building MCP clients and servers with supported transports, schemas, authentication helpers, tools, resources, and prompts."
tool-context-and-model-context-protocol--mcp-python-sdk,MCP Python SDK,model,Tool Context and Model Context Protocol,open-source,active,https://github.com/modelcontextprotocol/python-sdk,"MCP Python SDK is the official Python implementation for MCP clients and servers, with typed protocol models, transports, authentication support, and FastMCP-based server APIs."
tool-context-and-model-context-protocol--mcp-go-sdk,MCP Go SDK,model,Tool Context and Model Context Protocol,open-source,active,https://github.com/modelcontextprotocol/go-sdk,"MCP Go SDK is the official Go implementation for constructing MCP clients and servers, including JSON-RPC, transports, OAuth primitives, sessions, tools, resources, and prompts."
tool-context-and-model-context-protocol--mcp-java-sdk,MCP Java SDK,model,Tool Context and Model Context Protocol,open-source,active,https://github.com/modelcontextprotocol/java-sdk,"MCP Java SDK is the official Java implementation for synchronous and asynchronous MCP clients and servers, maintained with Spring AI contributors."
tool-context-and-model-context-protocol--mcp-c-sdk,MCP C# SDK,model,Tool Context and Model Context Protocol,open-source,active,https://github.com/modelcontextprotocol/csharp-sdk,"MCP C# SDK is the official .NET implementation for MCP clients and servers, maintained with Microsoft and integrated with dependency injection and hosting abstractions."
tool-context-and-model-context-protocol--mcp-kotlin-sdk,MCP Kotlin SDK,model,Tool Context and Model Context Protocol,open-source,active,https://github.com/modelcontextprotocol/kotlin-sdk,"MCP Kotlin SDK is the official Kotlin multiplatform implementation for MCP clients and servers, with protocol types and transport support across compatible targets."
tool-context-and-model-context-protocol--mcp-swift-sdk,MCP Swift SDK,model,Tool Context and Model Context Protocol,open-source,active,https://github.com/modelcontextprotocol/swift-sdk,MCP Swift SDK is the official Swift implementation for building MCP clients and servers with typed protocol messages and supported local or network transports.
tool-context-and-model-context-protocol--mcp-rust-sdk,MCP Rust SDK,model,Tool Context and Model Context Protocol,open-source,active,https://github.com/modelcontextprotocol/rust-sdk,"MCP Rust SDK is the official Rust implementation for MCP clients and servers, providing typed protocol primitives, transport layers, and asynchronous request handling."
tool-context-and-model-context-protocol--fastmcp,FastMCP,model,Tool Context and Model Context Protocol,open-source,active,https://github.com/PrefectHQ/fastmcp,"FastMCP is a Python framework for MCP servers, clients, proxies, authentication, generated tools, composition, testing, deployment, and interactive applications; its original server API informed the official Python SDK."
tool-context-and-model-context-protocol--mcp-use,mcp-use,model,Tool Context and Model Context Protocol,open-core,active,https://github.com/mcp-use/mcp-use,"mcp-use is an open-source TypeScript and Python framework for MCP servers, clients, agents, inspectors, and interactive MCP applications, with managed deployment through Manufact."
tool-context-and-model-context-protocol--mcp-inspector,MCP Inspector,model,Tool Context and Model Context Protocol,open-source,active,https://github.com/modelcontextprotocol/inspector,"MCP Inspector is the official interactive developer tool for connecting to MCP servers and inspecting their capabilities, tools, resources, prompts, notifications, and protocol traffic."
tool-context-and-model-context-protocol--mcp-agent,mcp-agent,model,Tool Context and Model Context Protocol,open-source,active,https://github.com/lastmile-ai/mcp-agent,"mcp-agent is an open-source framework from LastMile AI for composing MCP-connected agents, workflows, model providers, human input, and durable execution patterns."
tool-context-and-model-context-protocol--context7,Context7,model,Tool Context and Model Context Protocol,open-source,active,https://github.com/upstash/context7,Context7 is an MCP server that retrieves version-specific library documentation and code examples so coding agents can place current API information into their working context.
tool-context-and-model-context-protocol--composio,Composio,model,Tool Context and Model Context Protocol,open-core,active,https://github.com/ComposioHQ/composio,Composio is an integration platform and open-source SDK for giving agents authenticated actions across external applications through direct toolsets or managed MCP sessions.
tool-context-and-model-context-protocol--arcade,Arcade,model,Tool Context and Model Context Protocol,open-core,active,https://github.com/ArcadeAI/arcade-ai,"Arcade is an open-source tool-calling platform and managed service for publishing authenticated tools, handling user authorization, applying permissions, and exposing capabilities through MCP or SDKs."
tool-context-and-model-context-protocol--pipedream-mcp,Pipedream MCP,model,Tool Context and Model Context Protocol,commercial,active,https://pipedream.com/docs/connect/mcp,Pipedream MCP is a managed and self-hostable connector service that exposes Pipedream's application actions as MCP tools and handles end-user authentication for external APIs.
tool-context-and-model-context-protocol--smithery,Smithery,model,Tool Context and Model Context Protocol,commercial,active,https://smithery.ai,"Smithery is an MCP registry and hosting platform for discovering, configuring, namespacing, and remotely running MCP servers, with command-line and client integration workflows."
token-counting-and-context-budgeting--tiktoken,tiktoken,tool,Token Counting and Context Budgeting,open-source,active,https://github.com/openai/tiktoken,tiktoken is OpenAI's fast byte-pair-encoding tokenizer for locally encoding text and estimating token counts for supported OpenAI model encodings.
token-counting-and-context-budgeting--hugging-face-tokenizers,Hugging Face Tokenizers,tool,Token Counting and Context Budgeting,open-source,active,https://github.com/huggingface/tokenizers,"Hugging Face Tokenizers is a Rust-based library with Python and JavaScript bindings for training and running BPE, WordPiece, Unigram, and other tokenization pipelines."
token-counting-and-context-budgeting--tokencost,tokencost,tool,Token Counting and Context Budgeting,open-source,active,https://github.com/AgentOps-AI/tokencost,tokencost is a Python library for estimating prompt and completion costs across model providers from token counts and a maintained pricing table.
token-counting-and-context-budgeting--sharptoken,SharpToken,tool,Token Counting and Context Budgeting,open-source,active,https://github.com/dmitry-brazhenko/SharpToken,SharpToken is a .NET port of tiktoken for encoding and counting tokens with OpenAI-compatible vocabularies in C# applications.
token-counting-and-context-budgeting--jtokkit,jtokkit,tool,Token Counting and Context Budgeting,open-source,active,https://github.com/knuddelsgmbh/jtokkit,"jtokkit is a Java tokenizer library compatible with OpenAI encodings, providing local tokenization and model-to-encoding lookup without Python dependencies."
token-counting-and-context-budgeting--gpt-tokenizer,gpt-tokenizer,tool,Token Counting and Context Budgeting,open-source,active,https://github.com/niieani/gpt-tokenizer,"gpt-tokenizer is a JavaScript and TypeScript BPE tokenizer for OpenAI-compatible encodings, with browser, Node.js, chat-message, and model-specific counting helpers."
token-counting-and-context-budgeting--anthropic-token-counting-api,Anthropic Token Counting API,tool,Token Counting and Context Budgeting,commercial,active,https://platform.claude.com/docs/en/build-with-claude/token-counting,"Anthropic Token Counting API calculates input tokens for a Claude Messages request before execution, including system prompts, messages, tools, images, and documents."
prompt-and-context-caching--openai-prompt-caching,OpenAI Prompt Caching,tool,Prompt and Context Caching,commercial,active,https://developers.openai.com/api/docs/guides/prompt-caching,OpenAI Prompt Caching reuses eligible prompt prefixes automatically on supported models and exposes cache-read usage; newer models also support explicit breakpoints and cache-write accounting.
prompt-and-context-caching--anthropic-prompt-caching,Anthropic Prompt Caching,tool,Prompt and Context Caching,commercial,active,https://platform.claude.com/docs/en/build-with-claude/prompt-caching,Anthropic Prompt Caching lets Claude API users mark reusable prompt prefixes with automatic or explicit cache controls and selectable short or extended lifetimes on supported platforms.
prompt-and-context-caching--gemini-context-caching,Gemini Context Caching,tool,Prompt and Context Caching,commercial,active,https://ai.google.dev/gemini-api/docs/caching,Gemini Context Caching stores repeated input content for supported Gemini models so later requests can reference the cache rather than resend and reprocess the full context.
prompt-and-context-caching--amazon-bedrock-prompt-caching,Amazon Bedrock Prompt Caching,tool,Prompt and Context Caching,commercial,active,https://docs.aws.amazon.com/bedrock/latest/userguide/prompt-caching.html,Amazon Bedrock Prompt Caching uses cache checkpoints for supported models to reuse prompt prefixes and reports cache reads and writes through Bedrock usage fields.
prompt-and-context-caching--azure-openai-prompt-caching,Azure OpenAI Prompt Caching,tool,Prompt and Context Caching,commercial,active,https://learn.microsoft.com/en-us/azure/ai-foundry/openai/how-to/prompt-caching,"Azure OpenAI Prompt Caching reuses matching prompt prefixes for supported deployments, with provider-specific retention policies, usage reporting, and cached-input pricing."
prompt-and-context-caching--helicone,Helicone,tool,Prompt and Context Caching,open-source,active,https://github.com/Helicone/helicone,"Helicone is an open-source LLM gateway with request logging, provider proxying, and response caching; after its March 2026 acquisition, the service remains live in maintenance mode."
prompt-and-context-caching--gptcache,GPTCache,tool,Prompt and Context Caching,open-source,active,https://github.com/zilliztech/GPTCache,"GPTCache is an open-source semantic cache for language-model applications, with configurable embedding, vector search, similarity evaluation, storage, eviction, and framework integrations."
prompt-and-context-caching--lmcache,LMCache,tool,Prompt and Context Caching,open-source,active,https://github.com/LMCache/LMCache,"LMCache is an open-source serving layer that stores and reuses language-model KV-cache states across requests, instances, and storage tiers to reduce repeated prefill work."
structured-output-and-schemas--instructor,Instructor,tool,Structured Output and Schemas,open-source,active,https://github.com/567-labs/instructor,"Instructor is a multi-language library for extracting validated structured data from model APIs using typed schemas, automatic retries, streaming, nested objects, and provider adapters."
structured-output-and-schemas--outlines,Outlines,tool,Structured Output and Schemas,open-source,active,https://github.com/dottxt-ai/outlines,"Outlines is a structured-generation library that constrains local and served language models to JSON Schema, regular expressions, grammars, choices, and typed Python models."
structured-output-and-schemas--guidance,Guidance,tool,Structured Output and Schemas,open-source,active,https://github.com/guidance-ai/guidance,"Guidance is a language for interleaving prompts, constrained generation, selections, grammars, tool calls, and Python control flow while executing supported language models."
structured-output-and-schemas--guardrails-ai,Guardrails AI,tool,Structured Output and Schemas,open-source,active,https://github.com/guardrails-ai/guardrails,"Guardrails AI is a Python framework for validating model inputs and outputs against schemas and reusable validators, with corrective re-asking and a community validator hub."
structured-output-and-schemas--xgrammar,XGrammar,tool,Structured Output and Schemas,open-source,active,https://github.com/mlc-ai/xgrammar,"XGrammar is an open-source structured-generation engine that compiles JSON Schema, EBNF grammars, and regular expressions into token masks for multiple inference runtimes."
structured-output-and-schemas--llguidance,llguidance,tool,Structured Output and Schemas,open-source,active,https://github.com/guidance-ai/llguidance,"llguidance is a Rust grammar engine for fast constrained decoding from JSON Schema and context-free grammars, with integrations into language-model serving systems."
structured-output-and-schemas--lm-format-enforcer,LM Format Enforcer,tool,Structured Output and Schemas,open-source,active,https://github.com/noamgat/lm-format-enforcer,"LM Format Enforcer filters a model's allowed next tokens according to a JSON Schema or regular expression and integrates with Transformers, vLLM, and other runtimes."
structured-output-and-schemas--jsonformer,Jsonformer,tool,Structured Output and Schemas,open-source,active,https://github.com/1rgs/jsonformer,Jsonformer is a constrained-decoding library that fills only variable portions of a JSON Schema while the library supplies fixed JSON syntax for supported Hugging Face models.
structured-output-and-schemas--baml,BAML,tool,Structured Output and Schemas,open-source,active,https://github.com/BoundaryML/baml,"BAML is a domain-specific language and toolchain for defining model functions, prompts, typed schemas, provider fallbacks, tests, and generated clients across programming languages."
structured-output-and-schemas--typechat,TypeChat,tool,Structured Output and Schemas,open-source,active,https://github.com/microsoft/TypeChat,"TypeChat is Microsoft's library for translating natural-language requests into JSON objects validated against TypeScript types, with schema prompting and repair workflows."
context-observability-and-debugging--arize-phoenix,Arize Phoenix,tool,Context Observability and Debugging,open-source,active,https://github.com/Arize-ai/phoenix,"Arize Phoenix is an OpenTelemetry-based observability and evaluation platform for tracing model calls, retrievals, tool invocations, sessions, token use, and application quality."
context-observability-and-debugging--openllmetry,OpenLLMetry,tool,Context Observability and Debugging,open-source,active,https://github.com/traceloop/openllmetry,"OpenLLMetry is Traceloop's open-source OpenTelemetry instrumentation for model SDKs, vector databases, and agent frameworks, exporting traces and metrics to compatible backends."
context-observability-and-debugging--openinference,OpenInference,tool,Context Observability and Debugging,open-source,active,https://github.com/Arize-ai/openinference,"OpenInference is an open semantic convention and instrumentation collection for representing model, retrieval, embedding, reranking, and agent spans through OpenTelemetry."
context-observability-and-debugging--opik,Opik,tool,Context Observability and Debugging,open-core,active,https://github.com/comet-ml/opik,"Opik is Comet's open-source platform and managed service for tracing, prompt and dataset experiments, evaluations, production monitoring, and agent optimization."
context-observability-and-debugging--agentops,AgentOps,tool,Context Observability and Debugging,open-core,active,https://github.com/AgentOps-AI/agentops,"AgentOps is an open-source agent observability SDK and hosted platform for recording sessions, model calls, tool use, costs, errors, replays, and evaluations."
context-observability-and-debugging--lunary,Lunary,tool,Context Observability and Debugging,open-core,active,https://github.com/lunary-ai/lunary,"Lunary is an open-source LLM application platform and hosted service for traces, prompt templates, user feedback, analytics, datasets, evaluations, and team collaboration."
context-observability-and-debugging--laminar,Laminar,tool,Context Observability and Debugging,open-core,active,https://github.com/lmnr-ai/lmnr,"Laminar is an open-source and hosted observability platform for OpenTelemetry traces, evaluations, datasets, prompt management, browser-agent events, and production monitoring."
context-observability-and-debugging--langtrace,Langtrace,tool,Context Observability and Debugging,open-core,active,https://github.com/Scale3-Labs/langtrace,"Langtrace is an open-source OpenTelemetry instrumentation and observability platform for tracing model APIs, frameworks, vector stores, tool calls, costs, and evaluations."
context-observability-and-debugging--pydantic-logfire,Pydantic Logfire,tool,Context Observability and Debugging,open-core,active,https://github.com/pydantic/logfire,"Pydantic Logfire is an OpenTelemetry-based observability SDK and hosted service with integrations for PydanticAI, model providers, application frameworks, databases, logs, and traces."
context-observability-and-debugging--langwatch,LangWatch,tool,Context Observability and Debugging,open-core,active,https://github.com/langwatch/langwatch,"LangWatch is an open-source and hosted platform for agent traces, datasets, evaluations, prompt optimization, production monitoring, and multi-turn scenario testing."
context-observability-and-debugging--datadog-llm-observability,Datadog LLM Observability,tool,Context Observability and Debugging,commercial,active,https://www.datadoghq.com/product/llm-observability/,"Datadog LLM Observability traces model and agent workflows, including prompts, retrievals, tools, costs, latency, quality signals, security checks, and links to application telemetry."
context-observability-and-debugging--new-relic-ai-monitoring,New Relic AI Monitoring,tool,Context Observability and Debugging,commercial,active,https://newrelic.com/platform/ai-monitoring,"New Relic AI Monitoring instruments supported model libraries and agent frameworks to connect prompts, responses, token consumption, cost, errors, and latency with application performance data."
context-observability-and-debugging--confident-ai,Confident AI,tool,Context Observability and Debugging,commercial,active,https://www.confident-ai.com,"Confident AI is an AI quality platform for enterprise teams to standardize context and RAG evals plus observability across product teams, with AI governance enforcing the shared quality bar."
context-quality-evaluation--deepeval-contextual-metrics,DeepEval contextual metrics,tool,Context Quality Evaluation,open-source,active,https://github.com/confident-ai/deepeval,"DeepEval is an open-source LLM evaluation framework whose contextual precision, contextual recall, and contextual relevancy metrics assess retrieval ranking, evidence coverage, and signal-to-noise in supplied context."
context-quality-evaluation--ragas,Ragas,tool,Context Quality Evaluation,open-source,active,https://github.com/vibrantlabsai/ragas,"Ragas is an open-source evaluation toolkit with context precision, context recall, context relevance, faithfulness, response relevance, test-data generation, and experiment workflows for RAG applications."
context-quality-evaluation--trulens,TruLens,tool,Context Quality Evaluation,open-source,active,https://github.com/truera/trulens,"TruLens is an open-source evaluation and tracking library that instruments LLM applications and implements feedback functions including context relevance, groundedness, and answer relevance."
context-quality-evaluation--ragchecker,RAGChecker,tool,Context Quality Evaluation,open-source,active,https://github.com/amazon-science/RAGChecker,"RAGChecker is Amazon Science's fine-grained RAG evaluation framework, using claim-level entailment to diagnose retriever and generator errors separately."
context-quality-evaluation--ares,ARES,tool,Context Quality Evaluation,open-source,active,https://github.com/stanford-futuredata/ARES,"ARES is Stanford's automated RAG evaluation system using synthetic queries, lightweight judges, and prediction-powered inference to estimate context relevance, faithfulness, and answer relevance."
context-quality-evaluation--tonic-validate,Tonic Validate,tool,Context Quality Evaluation,open-core,active,https://github.com/TonicAI/tonic_validate,"Tonic Validate is an open-source RAG evaluation library and hosted product with retrieval precision and recall, answer similarity, faithfulness, benchmark datasets, and experiment visualization."
context-quality-evaluation--autorag,AutoRAG,tool,Context Quality Evaluation,open-source,active,https://github.com/Marker-Inc-Korea/AutoRAG,"AutoRAG is an open-source optimization framework that evaluates combinations of chunking, retrieval, reranking, and generation modules on a user dataset and selected metrics."
context-quality-evaluation--giskard,Giskard,tool,Context Quality Evaluation,open-core,active,https://github.com/Giskard-AI/giskard-oss,"Giskard is an open-source testing library and commercial platform for scanning RAG and agent applications for hallucination, prompt injection, sensitive-data leakage, and business failures."
context-quality-evaluation--ragtruth,RAGTruth,tool,Context Quality Evaluation,open-source,active,https://github.com/ParticleMedia/RAGTruth,"RAGTruth is a corpus and evaluation resource with word-level hallucination annotations across RAG responses, supporting groundedness analysis and detector development."
context-quality-evaluation--beir,BEIR,tool,Context Quality Evaluation,open-source,active,https://github.com/beir-cellar/beir,"BEIR is an open-source benchmark and evaluation library for zero-shot information retrieval across heterogeneous datasets, with standard ranking metrics for retriever comparison."
context-security-and-privacy--microsoft-presidio,Microsoft Presidio,tool,Context Security and Privacy,open-source,active,https://github.com/microsoft/presidio,"Microsoft Presidio is a framework for detecting, anonymizing, redacting, and synthesizing personally identifiable information in text, images, and structured data before or after model use."
context-security-and-privacy--prompt-guard,Prompt Guard,tool,Context Security and Privacy,open-weights,active,https://github.com/meta-llama/PurpleLlama/tree/main/Prompt-Guard,Prompt Guard is Meta's downloadable classifier model for detecting jailbreaks and prompt injections in direct user input or untrusted external content.
context-security-and-privacy--llamafirewall,LlamaFirewall,tool,Context Security and Privacy,open-source,active,https://github.com/meta-llama/PurpleLlama/tree/main/LlamaFirewall,"LlamaFirewall is Meta's runtime guardrail framework for agentic systems, combining prompt-injection detection, agent-alignment checks, and code-safety analysis around model and tool interactions."
context-security-and-privacy--lakera-guard,Lakera Guard,tool,Context Security and Privacy,commercial,active,https://www.lakera.ai/lakera-guard,"Lakera Guard is a commercial API firewall for detecting prompt injection, jailbreaks, content-policy violations, and sensitive information in model inputs and outputs."
context-security-and-privacy--snyk-agent-scan,Snyk Agent Scan,tool,Context Security and Privacy,open-source,active,https://github.com/snyk/agent-scan,"Snyk Agent Scan, formerly MCP-Scan, inventories agents, MCP servers, and skills and scans them for prompt injection, tool poisoning, shadowing, toxic flows, secrets, and malware-like instructions."
context-security-and-privacy--invariant-guardrails,Invariant Guardrails,tool,Context Security and Privacy,open-source,active,https://github.com/invariantlabs-ai/invariant,"Invariant Guardrails is a policy language and runtime for inspecting agent traces and enforcing constraints over messages, tool calls, data flows, PII, and security-sensitive actions."
context-security-and-privacy--nemo-guardrails,NeMo Guardrails,tool,Context Security and Privacy,open-source,active,https://github.com/NVIDIA-NeMo/Guardrails,"NeMo Guardrails is NVIDIA's framework for programmable input, retrieval, dialog, execution, and output rails, with Colang policies and integrations for safety and injection detection."
context-security-and-privacy--deepteam,DeepTeam,tool,Context Security and Privacy,open-source,active,https://github.com/confident-ai/deepteam,"DeepTeam is an open-source red-teaming framework for probing model applications for prompt injection, data leakage, unsafe behavior, bias, misinformation, and other configurable vulnerabilities."
context-security-and-privacy--openai-guardrails,OpenAI Guardrails,tool,Context Security and Privacy,open-source,active,https://github.com/openai/openai-guardrails-python,"OpenAI Guardrails is a modular Python framework for running configurable input and output checks, including moderation, jailbreak detection, PII handling, and custom validators."
context-security-and-privacy--amazon-bedrock-guardrails,Amazon Bedrock Guardrails,tool,Context Security and Privacy,commercial,active,https://aws.amazon.com/bedrock/guardrails/,"Amazon Bedrock Guardrails applies configurable content filters, denied topics, word filters, sensitive-information controls, automated reasoning checks, and contextual grounding checks to supported model applications."
context-security-and-privacy--azure-ai-content-safety,Azure AI Content Safety,tool,Context Security and Privacy,commercial,active,https://azure.microsoft.com/en-us/products/ai-services/ai-content-safety,"Azure AI Content Safety provides moderation classifiers, Prompt Shields for direct and indirect injection, protected-material detection, groundedness checks, and custom blocklists through managed APIs."
context-security-and-privacy--google-model-armor,Google Model Armor,tool,Context Security and Privacy,commercial,active,https://cloud.google.com/security-command-center/docs/model-armor-overview,"Google Model Armor screens prompts and responses for injection, jailbreaks, malicious URLs, sensitive data, and harmful content through Google Cloud security controls."
context-security-and-privacy--private-ai,Private AI,tool,Context Security and Privacy,commercial,active,https://www.private-ai.com,"Private AI provides deployment-flexible APIs and containers for detecting, redacting, replacing, and re-identifying personal or sensitive information before data enters model context."
discontinued-and-historical-tools--humanloop,Humanloop,historical,Discontinued and Historical Tools,discontinued,discontinued,https://humanloop.com/docs/v5/guides/migrating-from-humanloop.md,"Humanloop was a prompt management, evaluation, and observability platform that shut down on September 8, 2025 after its team joined Anthropic; customer accounts and platform data were deleted."
discontinued-and-historical-tools--llm-guard,LLM Guard,historical,Discontinued and Historical Tools,discontinued,discontinued,https://github.com/protectai/llm-guard,"LLM Guard is an archived open-source toolkit that provided prompt-injection, toxicity, token-limit, PII, and sensitive-output scanners; the repository remains available for reference and forks."
discontinued-and-historical-tools--rebuff,Rebuff,historical,Discontinued and Historical Tools,discontinued,discontinued,https://github.com/protectai/rebuff,"Rebuff is an archived open-source prompt-injection detector that combined heuristics, model-based detection, canary tokens, and an attack database; it is retained as an early layered-defense implementation."
discontinued-and-historical-tools--promptsource,PromptSource,historical,Discontinued and Historical Tools,discontinued,discontinued,https://github.com/bigscience-workshop/promptsource,"PromptSource is an archived BigScience toolkit for creating, versioning, and sharing natural-language prompt templates over datasets, used during the T0 research program."
discontinued-and-historical-tools--prompthub,PromptHub,historical,Discontinued and Historical Tools,discontinued,discontinued,https://www.prompthub.us/,"PromptHub is a Git-style prompt registry whose service was reported as winding down in mid-2026; its official site remained reachable at review time, so existing users should verify availability directly."
